seq,1AB,2AB,3AB,4AB,5AB,6AB,7AB
63f37ee4b481fccdffca10160ed5b944,1.30592503,0,0.157977883,0,0,0,0.291132923
ed12d6c2cccee9737fcf027c28dc1504,0.024183797,0,0,0,0,0,0
a353b92733af5260a57dd1a0ba3001e1,9.014510278,0,2.14849921,0,0,0,2.054566628
38b371de3be6ddef03bea94294e9830d,13.49455865,0,3.775671406,0.028238616,0,2.449693788,12.06953918
28f9a25539c92bd0c608d3c9cec7991b,0.912938331,0,0.363349131,0,0,0,0.956579604
7281c911136ba2bdcafebb9c71729dea,0,0,0,0,0,0,0.207952088
c39f594d9d2493b66260c1f7503e5ea1,0.399032648,0.218818381,0.121116377,0,0,0,1.206122109
c4112b995ef6cd2f05559f6a3057bc7c,0,0,0,0,0,0,0.149725503
c54740e67850b527400a77af33bd3d89,0,0.517207082,0,0,0,0,0
fa8e5e27d8fba25e37fc05340a105914,0,0,0,0,0,0,0.124771253
326834f69c357dad79f31e792597dd1d,0,0.477421922,0,0,0,0,0
89056b9f86a0886730db47a8c45825eb,0,0,0,0,0,0,0.16636167
7d61548814c2806bca7f46e5de082b7e,0.030229746,0,0,0,0,0,0
e472b9258609f8985c34fb3e8706f692,0,0.149194351,0,0,0,0,0
532ff193b68d71a9e2229dd125e1eeb1,0,0.10940919,0,0,0,0,0
702860fda44c0d44ddacb5bd79fd5d24,0.15114873,1.104038194,0,0,0,0,0.207952088
4c301bbaaa0d8e3dc3356271c20fc5b5,0,0.547045952,0,0,0,0,0
8dba5d94c21557246f8c48418b0f3bda,0,0.149194351,0,0,0,0,0
73a1573f73ae093cf73af7ee45962885,0,0.07957032,0,0,0,0,0
35796c6b949f569e7a6af67f9e7cea60,0,0.03978516,0,0,0,0,0
bde5589b9ad383774dab7d2e122e1a20,0,0.228764671,0,0,0,0,0
82f3d62aabc8caf816ec2120e9c14bb5,0,0.07957032,0,0,0,0,0
b098523d1b3f58bbb80fe9308fb8912c,0,0.08951661,0,0,0,0,0
d02c1f9542a849cf25350e12135538f8,0,0.0994629,0,0,0,0,0
169d803cc0a2a89e75f8e82c2efae93a,0,0.07957032,0,0,0,0,0
808aabfa9f1d835aacd50c80022f5662,0,0.08951661,0,0,0,0,0
a3a27b1f9a692d076bfe8edc024b59b2,0,0.07957032,0,0,0,0,0
50420826a4434507209193c117f54130,0,0.03978516,0,0,0,0,0
e335570f65a3bc3a849f355ac1698181,0,0.02983887,0,0,0,0,0
e96b5191533b55b247369d8649d8458d,0,0.10940919,0,0,0,0,0
a32e850a5f65ae413256b32a7943262e,0,0.02983887,0,0,0,0,0
fa7645eda32b4e6cfa5a7641e34be6b8,0,0.11935548,0,0,0,0,0
f0f5fe3a3ccc66ce7e67e82294654107,0,0,0,0,0,0,0.207952088
9da4ea500796da41c5f69150f7e881cd,0,0.02983887,0,0,0,0,0
523a7e01fa5c47d91e959292759c7ac7,0,0,0,0,0,0,0.024954251
a3b877f1dff0ba6b66a9e7d200aab9ac,0,0.04973145,0,0,0,0,0
dd6fefe041303ae392d88c1a58620a4d,0,0.03978516,0,0,0,0,0
8442bd30ea2bf39ad3c2136197a0b861,0,0.07957032,0,0,0,0,0
b4047348b90c6f16b7fba7f7330bf87e,0,0.964790133,0,0,0,0,0
b800c963feb00fb8c515a42b85eb4ceb,0,0.12930177,0,0,0,0,0
037d51bfc8219646348004bc01f82f76,0,0.05967774,0,0,0,0,0
8222e8db898fcc3282110b1e099bfdb5,0,0.05967774,0,0,0,0,0
64b0ba388dd3728a36854c2f014b3129,0,1.362641735,0,0,0,0,0
cb6e61a6c468d63ca89dc4f8c67e8554,0,0.934951263,0,0,0,0,0
e1809c067af83a3dc4623ce28f35fe79,0.072551391,0.835488363,0.010531859,0,0,0,0.224588255
86db8e2a8d148a230cda8c2bcff4af23,0,0,0,0,0,0,0.058226585
f486ad1bcca90a8bd9b68c76212312c3,0,0.0994629,0,0,0,0,0.033272334
603ab94ae666e02cf4cc8a2132414ef5,0,0.10940919,0,0,0,0,0
62925abc081ef537aea1336e58a4548a,0,1.004575293,0,0,0,0,0.14140742
fe5a45686af6b4b7eaff28a4dcaef15b,0,0.149194351,0,0,0,0,0
d18b974ac90e1ed0a2fb83d0f4061132,0,0.06962403,0,0,0,0,0
c5f63d06bc0e136c998bf43f719776c3,0,0,0,0,0,0,0.199634004
051d14c7d7e9a5358e8da8a52b48bca3,0,0,0,0,0,0,0.149725503
3ffbac564ae83148bbb18197b7093464,0,0.07957032,0,0,0,0,0
951e9b0abcfa75745329f789c2130b9d,0,0.149194351,0,0,0,0,0
17f8b49438a29eaf0a8f6cbcb54e1748,0,0.318281281,0,0,0,0,0
528c8b62a54ebc17e9ffc1c72eb8e546,0,0.08951661,0,0,0,0,0
65060a69d6f289e1ed088bae5510fc9f,0,0.12930177,0,0,0,0,0
5976a56adfe903f7348b5eb5689e3c55,0,0,0,0,0,0,0.124771253
38ed1b710731ad5917c2f6cf41a97351,0,0.06962403,0,0,0,0,0
432a02504adb954775f641117e6d7b14,0,0.626616272,0,0,0,0,0
155e05f619ce3d99d02490b7cf22ffb5,0,0.298388701,0,0,0,0,0
c3764288be8ac8815185c4ee6d913e81,0,0.12930177,0,0,0,0,0
85dbf4fc6f45d7715479fc3c5cb4f1ff,0,0.12930177,0,0,0,0,0
b65ddb808f41ed58f0a87829f790124c,0.036275695,2.675552019,0,0,0,0,0.715355182
65db89cb7753aa9ae2885315cf5ffe04,0,0.556992242,0,0,0,0,0
ea156f972cd3802c3fac147e4200ba7a,0.253929867,0,0,0.275326509,0,0,0.357677591
c07c3dbc8e15fe3ee2eb1a274f896601,0,0.02983887,0,0,0,0,0
e17ced43ed9be80fe0aa4f9ccf1756db,0,0.248657251,0,0,0,0,0
eb689bb0db80cb3fc1f81366f262fd18,0,0,0,0,0,0,0.083180835
4c1a88e377091f87ffabed901e534c3c,0,0.06962403,0,0,0,0,0
676c29f329b29adbd48921804b86030e,0,0,0,0,0,0,0.049908501
c90e41fa7df0d32bc9a9e89e5b36e42c,0,0.08951661,0,0,0,0,0
14f013032d3d55ac24bde620c2d8f945,0,0.208872091,0,0,0,0,0
c6e49e291c8d5276a4e989d8bf9b589d,0,0.169086931,0,0,0,0,0
eb806bb1dd30405c489b4706cacd2d26,0,0.04973145,0,0,0,0,0
fe1ae79503d8829f9c4ca3feb74a36a2,0,0,0,0,0,0,0.024954251
2096bed8d8d3c009cd128c5f66954ed4,0,2.048935747,0,0,0,0,0.099817002
3bfacc1362d0b9105a10b04c3addbf0c,0,0.04973145,0,0,0,0,0
a5ea8c2ae0dc9882cf9358924dd4f453,0,0,0,0,0,0,1.114623191
d48429274cd09a4257ad8b24c009e8fd,0,0,0,0,0,0,1.613708202
5e8cb8936e86bcb9e20967ca9886dde2,0,0.04973145,0,0,0,0,0
021d1583edfe105a9c99264ea9f3d2d6,0,0,0,0,0,0,0.099817002
ce21e0d8c29a8e91b8f8ed03fb21d296,0,0,0,0,0,0,0.116453169
83adaf3a09d08c93f2abea6a4c815592,0,0,0,0,0,0,0.108135086
a402fc6f0fd057decbe746f48bf12862,0,0.06962403,0,0,0,0,0
e6485d233ed2b8b9a2f3f50f0747b9d2,0,0,0,0,0,0,0.224588255
b64f2cd0b47a6548ebe2077c728b213f,0.030229746,0,0,0,0,0,0
d5e86e0fe7c13c5751606c96f3788345,0,0,0,0,0,0,0.316087174
fcccc3eb2c056e63f3ae3566bea21653,0,0,0,0,0,0,0.049908501
06e148ad8b35489ea97e51ef733e9550,0,0.298388701,0,0,0,0,0
4adbf4beb8d2b17f63b543e4d9aa39b6,0,0,0,0,0,0,0.274496756
f67bfc33bddfbd4d03ce7ae694c2dcdc,0,0.08951661,0,0,0,0,0
4e92375ea5df552d917b42cf4b42f8c3,0,0.04973145,0,0,0,0,0
f344d4281112bb7cf5358c04fda869ee,0,0.07957032,0,0,0,0,0
85bc1a55639b9e35e2eed34f4c78295a,0,0.06962403,0,0,0,0,0
606cc5b65f868c03389a5cde84fee5d5,0,0.01989258,0,0,0,0,0
e561c5c5f92aa66e6b1befb81385d1fc,0.133010883,3.640342152,0.026329647,0,0,0,0.091498919
9b29795b6a07b073b71d5196ded69d85,0,0.07957032,0,0,0,0,0
1f003e944f4c451188139f78a4dbead3,0,0.288442411,0,0,0,0,0
0cdf6b354c008cd74c18af9f484f8bf7,0,0.377959021,0,0,0,0,0.074862752
281228d4a8faf2330f12bda44eeeb6af,0,0.387905311,0,0,0,0,0
70695a2dd2306734e7c9ea68f7ce51b0,0,0.05967774,0,0,0,0,0
99b459540b7b4682716095be1962981e,0,0.726079172,0,0,0,0,0
ac2b55ca5e16c68a78d720b85a228def,0,0.407797891,0,0,0,0,0
a061d8883eca2028db1d268500722130,0,0.159140641,0,0,0,0,0.823490268
5f452e591d65c3a4fee53f0cc354ea72,0,0.368012731,0,0,0,0,0
3343d19c0bc1759a66023cbc86c92592,0,0,0,0,0,0,0.840126435
ef9fddde19882aba901f1b0419ec09d8,0,0.606723692,0,0,0,0,0.191315921
c487c317433b2236a0872af25cb3b3de,0,0.13924806,0,0,0,0,0
b4f2259d327087f4ab3431dbac93e175,0,0.07957032,0,0,0,0,0
9b38c83e9f4e2a1c9ccca312a8701603,0,0.676347722,0,0,0,0,0.116453169
3ade0fa13e56aac194bb3373200d6def,0,7.598965586,0,0,0,0,0.291132923
14b75c6ee0cf3c6c2517a9a07eaf76e7,0,0.05967774,0,0,0,0,0
02541e05438ebd6cd913200972ef5e4b,0,0,0,0,0,0,0.033272334
76ef356d895e6434580f18ab74a63e6c,0.108827086,0,0.047393365,0,0,0,0.341041424
0c65bed28a2aa2d97c57efd4dcd72422,0,0,0,0,0,0,0.016636167
ad7b37d7259f65ae5d2d898c539a6297,0,0,0,0,0,0,0.024954251
df8c8c485621e9cb48fed0103738dd07,0,0.318281281,0,0,0,0,0
effac6ec8d11ae5d2d4f029c5f18e3be,0,0,0,0,0,0,0.091498919
3f621680f877f8755d3bf38982001f7b,0,0,0,0,0,0,0.083180835
b97547037e6bed020583b930bd3684cc,0,0.13924806,0,0,0,0,0
9a48d66f52c47289df8517641c188d9b,0,0.11935548,0,0,0,0,0
933c1a437592c012f7169968b9045854,0,0,0,0,0,0,0.058226585
4a76bdc5b45d149d7aa31d04b9f46dbe,0,0.686294012,0,0,0,0,0
29b981c98faa891c7e4d3ed2e5ff9aab,0,0.288442411,0,0,0,0,0
8855fec4062970bb235780d6469a1d6d,0,1.064253034,0,0,0,0,0.182997837
5bf368734532c9983d05d3a115ea4595,0,0.04973145,0,0,0,0,0
d90a508c16f836b367d8a4e88bb43d27,0,0.01989258,0,0,0,0,0
814bad63e7ffda527994b0a93fb1bbb8,0,0.06962403,0,0,0,0,0
3e7cd84190abdf77b87adca0a5a3a90d,0,0.07957032,0,0,0,0,0
9c2715f01a2150cf83e87856eeba43e7,0,0.05967774,0,0,0,0,0
835bb682be3fa7b086047fefbc88efb8,0,0.0994629,0,0,0,0,0
164d643c2ab1c208aec586f0da8c71f4,0,0.04973145,0,0,0,0,0
664e1ee046659d47ded4a40ad1133a33,0,0,0,0,0,0,0.16636167
cbdbfdb04645392c58a535dd16e46972,0,0.03978516,0,0,0,0,0
1b247cf513fceda7527eb769c966fc14,0,0.03978516,0,0,0,0,0
42281a8b8258b479ab0fff3514839093,0,0.01989258,0,0,0,0,0
172df84126559d3703a3b6184b45a0ee,0,0.198925801,0,0,0,0,0
62e3b0025d339d4481a45a0f0aadacfe,0,0,0,0,0,0,0.033272334
ce2061796f0dee9838e806cd86488535,0,0.11935548,0,0,0,0,0
bdb4a8177d34d5e7899e74940d5e8d4d,0,0.05967774,0,0,0,0,0
a9c824dcc1edf7518389d9eec8ed0ebb,0,0.805649493,0,0,0,0,0
ff6a63aa3a8877a90e31ca73fa5fbdd7,0,0.278496121,0,0,0,0,0
c1f81147c6ba8b689b8e090809cd5332,0,0.188979511,0,0,0,0,0
5ef194c523178b714e804757a3218c3a,0,0.04973145,0,0,0,0,0
0fca954bc7d9e235bb9204087bcdbe9d,0,0,0,0,0,0,0.016636167
520d89ef4ce2ba808eed3e2d9a310649,0,0.01989258,0,0,0,0,0
7141921d9117df050c7e3d64516ff8c7,0,0.04973145,0,0,0,0,0
057bcefe7d185d0daf7b610144b1fa59,0,0,0,0,0,0,0.083180835
9f86297104372f6378c6bf3dc1a8e8ec,0.084643289,0,0,0,0,0,0.257860589
90a5e55fa876aa0bf69ffe16087cd920,0,0.149194351,0,0,0,0,0.191315921
69e069d107e0deb8007bb1ae28c72dbf,0,0,0.042127435,0,0,0,0
23d185302357f6837cd05b5a4ea8a752,0,0.278496121,0,0,0,0,0
c6d1c8a43afe01b7401a3595ad0a5640,0,0.238710961,0,0,0,0,0
21303e01cd67416ee96438f8033c47ec,0,0.258603541,0,0,0,0,0
fa056a5c91b0b397027112ce824c8563,0,0.228764671,0,0,0,0,0
d8f3f4d8d0a6498d307679923623a9e1,0,0.11935548,0,0,0,0,0
c8e89e914c336fba512846828b84f740,0,0.05967774,0,0,0,0,0
2b10a074b0f59b702c22aff7e6b39787,0,0.258603541,0,0,0,0,0
873b71b30dcfcdbdf2e7080dd9db241f,0,0.0994629,0,0,0,0,0.133089336
86ce8e836244a989d26315bf84d75d99,0,0,0,0,0,0,0.049908501
1d4b9f3ddf33afdf5308213897846090,0,2.307539288,0,0,0,0,0.939943437
c443676f32a4347c0a752bad5a62c30e,0,0.149194351,0,0,0,0,0
6ed1f425cd7d234afdf0906b91293ae2,0,0,0,0,0,0,0.049908501
da42156b748b0af3ebc3c6268720755e,0,0,0,0,0,0,0.033272334
9cc5b63b74154fc7bcdf7e8796e5d2de,0,0.02983887,0,0,0,0,0
6504a13e2edb3328fffb344daf7b2ee3,0,0.149194351,0,0,0,0,0.049908501
a41371aa833164c1e707004fdfb16b36,0,0.169086931,0,0,0,0,0.091498919
edb1b7dc98830cdfb83ef9466ad4aaaa,0,0,0,0,0,0,0.091498919
43c944338e9f3b7dbdf05108887a754a,0,0.198925801,0,0,0,0,0
8a652928ef13cc45fe6fad624a6fa1d2,0,0.228764671,0,0,0,0,0
f8341190bb77698ac02db7d78a5d5ea8,0,0.179033221,0,0,0,0,0
ab4d207ba005958298be140605c5a8fb,0,0.159140641,0,0,0,0,0
04bc2a095282907ef4df7a2a9447166f,0,0.198925801,0,0,0,0,0
faf8523a598758d2451323106cf28b7c,0,0,0,0,0,0,0.149725503
758b8307071957eb86c89a180b187482,0,0.566938532,0,0,0,0,0.133089336
ae53fe95ad7f469e3187a126d6098100,0,0.258603541,0,0,0,0,0.465812677
ca283eec31cc19396e15323c87386f2a,0,0.02983887,0,0,0,0,0
3193b7b66be51b083b913c3134f6fc50,0,0.01989258,0,0,0,0,0
8fa90e60ddaccabffcd68f6a481318a2,0,0.10940919,0,0,0,0,0.108135086
aad81ac0351dcd619b00c97e690dfa5f,0,0,0,0,0,0,0.099817002
798933fd16ab772e1e547b6af3461e47,0,0,0,0,0,0,0.041590418
fd4dc2d3654041c497b3d8e6cee4d18b,0,1.511836085,0,0,0,0,0.299451006
19cfc988be2bc698e4e8e24f3c017dad,0,0.11935548,0,0,0,0,0.133089336
9402a88039d28ae63134690e54bc5af7,0,0.179033221,0,0,0,0,0
592e037654532013ab7258e4ae16b0b5,0,0,0,0,0,0,0.049908501
3bb685a144d6b9fd08b8df1ba0ae955e,0,0.04973145,0,0,0,0,0
40f949d407d1b3ce3daafff65eed76b4,0,0.06962403,0,0,0,0,0
29d5a1f45c97760080e874715394bcfe,1.058041112,0,0.157977883,0,0,1.837270341,0.182997837
80a71af1012d953166a381de20ac5dd0,0.429262394,0,0.110584518,0,0,0,0
8658443ac48e043652445ada8a1b38e9,0,0,0,0,0,0,0.058226585
09a4ea930ca6f241d4210fb9dc689f2f,0,0.05967774,0,0,0,0,0
9e4993b7e2e6e5d4b584c46aaac0bde5,0,0.0994629,0,0,0,0,0
6868203f42c3571c5d284d6fd8077b84,0.024183797,0,0,0,0,0,0.216270171
66575db7635d648549a9eb5a4eafb710,0,0,0,0,0,0,0.049908501
894d5f2608f2a0e9e3bf2499f1cc6130,0.07859734,0.417744181,0,0,0,0,0.798536017
18c8a1caa02afa9f20b6974f6da7568c,0,0,0,0,0,0,0.124771253
76861e4fd720b21d96693697fa6b48fc,0,0,0,0,0,0,0.024954251
1c259c84edfd90c28f17c1875a7c9747,0,0.12930177,0,0,0,0,0
5a66f8310ec63f2648ee84a8f03ed1d7,0,0.477421922,0,0,0,0,0
53b91ed8941d63dc6bdcf622f25e3b10,0,0.149194351,0,0,0,0,0
fdbf76a389e7e1045f64dcd50696b8e7,0,0,0,0,0,0,0.091498919
9e34be9ba45cfc26dc3b1f8a29025ac2,0,0.05967774,0,0,0,0,0
95efcfc5bf54e543b76173209e6ecfd9,0,0,0,0,0,0,0.133089336
85217fd04e507a6c09341cfad7c30c93,0,0.08951661,0,0,0,0,0
1f35c846f62c214ae4a0967923bbadbc,0,0.07957032,0,0,0,0,0
92c7d2d035c344ba43e756fcc909c99f,0,0.0994629,0,0,0,0,0
878e92b4ed5d195510b93ad6c1c83103,0,0.05967774,0,0,0,0,0
76a43b01e1b397fed9d963f273f17a59,0,0.12930177,0,0,0,0,0.066544668
ae2245c2d637b8badfb1037f95ffd4f7,0,0.298388701,0,0,0,0,0.182997837
20a4b09a04793b8d7bb6cba926315df8,0,0.05967774,0,0,0,0,0
9fd90ca5d6775c90e4e6e46e09b38313,0,0.437636761,0,0,0,0,0
058f50a8bccf06f41d115822bdfe37fb,0.060459492,0.467475632,0,0,0,0,0
f539646a648d441a17a890b40f8e56be,0,0,0,0,0,0,0.091498919
05771e0f1c5425fc486934e2beb87956,0,0,0,0,0,0,0.415904176
8dad564a170a7822f20bb08c1a6d699a,0,0.258603541,0,0,0,0,0
234b81fb7fa91bcfef74c8511c07a219,0,0.07957032,0,0,0,0,0
9be2a4f786cbae9862513cec5dd15ccc,0,0,0,0,0,0,0.016636167
e973e792bb24983e1304d41a8ed0c375,0,0.03978516,0,0,0,0,0
f18d4d1f32aca3b61c8d25703e43fea4,0,0.02983887,0,0,0,0,0
b7a2f949d87f6ce14145811c2d2974af,0,0.208872091,0,0,0,0,0
38fc90a232589415e1f0ed3673357fb4,0,0.358066441,0,0,0,0,0
27acca0f07269de77bf31e1b93ecd63a,0,0.228764671,0,0,0,0,0
e1abbababbc410f2f1faa24f6ccbc7f9,0,0,0,0,0,0,0.731991349
815d2b7122e4428055f4b420de72f5b2,0,0,0,0,0,0,0.083180835
8fabb679415fe6a9969015076873e211,0.084643289,0,0,0,0,0,0.332723341
48d3df1c8c87428a5ef19a3ea0a4c6d1,0,0.208872091,0,0,0,0,0
3b9ecba29136f8919aea26a394a936aa,0,0,0,0,0,0,0.058226585
b659fcf2b17787c3e45bedfc42a89936,0.320435308,0,0.073723012,0,0,0.524934383,0
911ddc4e1da558630158fa05fba14992,0,0,0,0,0,0,0.191315921
fe74d2e267ad3ebb8fbfe24bbb464049,0,0,0,0,0,0,0.316087174
52ac87abfa970ee890f4bfb7ce0f1337,0,0.05967774,0,0,0,0,0
98cc723db5113be62f2e08e11277fa6b,0.175332527,0,0.047393365,0.028238616,0,1.049868766,0
49d8ed77132802ef1ad7036f31e0117a,0,0,0,0,0,0,0.440858426
a4c97d72a3ac2b7c1435c56721a3aa1a,0,0.179033221,0,0,0,0,0
cefe4ae946de41fe87fc0040bdea335e,0,0.13924806,0,0,0,0,0
6239566d7bda185bbc00c6475202b675,0,0,0,0,0,0,0.116453169
8c86a02bd0f2c7a90bb40b735577a623,1.698911729,0,0.205371248,0,0,0,0.773581767
5a6520a634bb27352c524ba237fd0d64,0.07859734,0,0,0.042357924,0,0,0.790217934
bed2f0610fdcb173fe83f4a9179bcce5,0,0,0,0,0,0,0.024954251
a90eba220f100c5da89e40e34598c4c7,0.193470375,0,0,0,0,0,0
e0a5d06dca6e74603b233d9be368f1f6,0,0.467475632,0,0,0,0,0
d23e031b9dfbdb8f41323c8c5c775f26,0,0.07957032,0,0,0,0,0
18eb004037e681d5b173b0d2f5cb29ec,0,0.02983887,0,0,0,0,0
ac9e79a82beb3b70c0c7193fff0a8524,0,0,0,0,0,0,0.14140742
2cc5b2b8bce723252e69475548cd8e57,0,0.01989258,0,0,0,0,0
fb3e6be0517e6c8b7a27582c871b2ab3,0.423216445,0,0.068457083,0,0,0.787401575,0
d6fd8cc30f52c997d8a550fdb5b27dfd,0.423216445,0,0.031595577,0,0,0,0.332723341
fd95b1c4fe440dbd2ad6a10e70f8ae45,2.509068924,0,0.205371248,0,0,2.143482065,0.116453169
9ab23c4d99ca81eaa9c30826e3201dd4,4.945586457,0,1.158504476,0,42.85714286,15.96675416,0.316087174
a27f37aae2a34101f8a61c6f0b1cd246,29.20798065,0,4.133754608,0,0,43.21959755,0.865080685
64fc10f0a6641c24f1fc81c23d55d3b7,2.351874244,0,0,0,0,0,0
2c5ba0229758d152825ddeef395fcecd,0.374848851,0,0,0,0,0.918635171,0
8fd7af3fd41ce627d8be20317e594132,0.169286578,0,0.078988942,0,0,0.612423447,0
b169eb05bfd47649d630003e9e1f0556,0,0,0.121116377,0,0,0,0
2d3bc28afb5cf03531b285e8b18b8b9c,0,0,0,0,0,0,0.14140742
4686f869c2904b86efdc02dfb2f09088,0.024183797,0,0,0,0,0,0
bab46dfd2ebedb1ecc30e955eb423156,0.435308343,0,0,1.750794211,0,0,0
f4cdea40a93156f6fd8061c2f92bf579,0,0,0.65824118,0,0,1.268591426,0
b96715d4c2e39e415550cf66da8a67f5,1.451027811,0,1.77988415,0,0,8.13648294,0
8359901a562b0b0642e0383e8fb12566,0.223700121,0,0,0,0,0,0
54e41d7748bdb8fe71a73a47ad58423e,0.659008464,0,0.063191153,0,0,2.099737533,0.573947762
9e679d7c299efc7140f026781b04d72c,0.145102781,0,0.047393365,0,0,0.481189851,0
dc22433569281cc665fba3df53e3f566,0,0,0,0,0,0,0.16636167
b180a2455b236c103cf0bfe620095736,0.405078597,0.656455142,0.100052659,0,0,0,1.256030611
5d4ff9cbbb244d61483b7c3973bdced6,0.030229746,0.06962403,0,0,0,0,0.016636167
b8be4a864e591a2801a0b9194efc1060,0,0,0,0,0,0,0.174679754
f34bff23d0ffd88f76e8017e5281fa69,0.030229746,0,0,0,0,0,0
919c50490dbc9552a946f26b32c4ae12,0,0,0,0,0,0,0.324405257
0dda2781d785ae2fff6a81eabdeb9143,0.120918984,0,0,0,0,0,0
5346417a16a786a9003aaee8d9cf6253,0,2.347324448,0,0,0,0,0.058226585
26897509b56c5bcf18626b728a146bca,0,0.487368212,0,0,0,0,0
11506c8de798b3e79303f7afc3d782b6,0,0,0,0,0,0,0.033272334
fd9f7d52d94375becd25c1bcd3543165,0.030229746,0,0,0,0,0,0
2e65dcf8d97af980c5c4ec8ac68bd233,0.145102781,0,0,0,0,0,0
cd1f95189b8375347f827f4a8b08dcf7,0.114873035,0,0,0,0,0,3.036100482
918523ae5006c18004b978b0872bbedd,0,0,0,0,0,0,0.024954251
e9e060e5e0e46911cad92b8292aeefd7,0.102781137,0,0.026329647,0.091775503,0,0,0.640492431
af62b8aa99dba188ac2f26d05dff89d1,0,0,0,0,0,0,0.099817002
68c7aa8355d0b7c6e75c67d5df51d569,0,0,0,0,0,0,0.133089336
283755ba25c1e02155384ef6f268c2ae,0,0,0,0,0,0,0.133089336
2b335f368deba69c6c95c18da31dc5f4,0.15114873,0.159140641,0.057925224,0,0,0,0.390949925
c1ffb2d7a3abec3be42719f05f750cb0,0,0,0,0,0,0,0.041590418
3ef47d732a719a9c649132016afeb5e2,0,0.05967774,0,0,0,0,0.049908501
7ba3402ab86ac791941e0dc862234ee8,0,0.228764671,0,0,0,0,0.266178672
04869be25e3dc4d526ce3824d407aedf,0.368802902,0,0.036861506,0.021178962,0,0,0.382631842
f0547f74dbcfeca9eef70572311914b5,0.084643289,0.318281281,0.026329647,0,0,0,0.083180835
a5b2537343a26f4daf0379a8b46eb2ef,0,0,0,0,0,0,0.232906338
e29f9ab1342fe7d53d4f1e2d03bb5969,0.072551391,0,0,0,0,0,0
613cd0ab8ed46a361940e06efaecdb6d,0.07859734,0.218818381,0.026329647,0,0,0,0.465812677
da47a34fd036b068ca0c5eaf185e2082,0,0,0,0,0,0,0.14140742
25c54c57b4a4283237b33fdae82003c0,0.133010883,0,0,0,0,0,0
89be024198d6c2575cdec2fecfd9129a,0,0,0,0,0,0,0.091498919
ce838514aa5ea7e008acec0c4fa61772,0,0.03978516,0,0,0,0,0
58ed3302b41e8d33d7b483d7c0d975f3,0,0.188979511,0,0,0,0,0
7935c8ea2b1b44460993759d6d1cd5da,0,0,0.010531859,0,0,0,0
9c90a0c962c8b6283f7a71b644fce90c,0.042321644,0.358066441,0,0,0,0,0.316087174
d7e616d63605ffd0d9129244621edbfc,0,0.169086931,0,0,0,0,0
e144d237c973d831d708cac2c17df968,0,0.07957032,0,0,0,0,0
69bb91c25d9ab937f374c2282d6891f0,0,0,0,0.444758207,0,0,0
558c1a9f28da9bb5f71f64f0b60a3b04,0.126964933,0,0,0.211789622,0,0,0
f824c242da3d47edd62495a6a144912c,0.030229746,0,0,0,0,0,0
9f268fae59bcec4759785daa4c05fd97,0.090689238,0,0,0,0,0,0
082988d5fe8e9c19c6f0119c671693a1,0.024183797,0,0,0,0,0,0
36090a0d50aa4bbbffdd4b9953b0c500,0.006045949,0,0,0,0,0,0
e2c63d5718cf9ea95828084c3b843443,0,0,0,0,0,0,0.16636167
7c02fc116dfd968c72ec176c6b121a3a,0,0,0,0,0,0,0.091498919
1fe1816b9e7706d2761111c766017adf,0,0,0,0,0,0,0.066544668
923d1e7b6ceac97721615d80cf869780,0,0,0,0,0,0,0.216270171
fe825230b5bc472354e787ee15f30a34,0,0,0,0,0,0,0.074862752
8712b3e14d3b3bcdab376a52cbda62ea,0,0,0,0,0,0,0.149725503
70bc60bf6b649f62bb1ee7538331006f,0,0,0,0,0,0,0.124771253
3bb8c91a23a86c8601f5dead53c7b241,0,0,0,0,0,0,0.091498919
455800da158eb1acad1d1e9657b345d2,0.030229746,0,0,0,0,0,0
b78bdac2d66434f67db2a71b6f893639,0,0.288442411,0,0,0,0,0.399268009
f94941df072a2ce7df898dbbc4971c45,0,0.13924806,0,0,0,0,0
b9d27d1dc44fea66778479161f6ed7c6,0,0,0,0,0,0,0.116453169
2d2be8e2152e95e0f171c4b66568e6f9,0,0.258603541,0,0,0,0,0
868a2dd217365ddd6d6ab64d48aeed4a,0.187424426,0,0,0,0,0,0.058226585
fc8768f19daa07bc81c3375cf88cdeff,0,0,0,0,0,0,0.049908501
cb08126894ac0c8eeddc7b86d1ab1eb9,0,0,0,0,0,0,1.247712527
5177bd1019c0a59f8762ecb3f683babd,0.126964933,0,0,0,0,0,0
01b5383db868117f04bfd197603f736b,0,0,0,0,0,0,0.174679754
d0d81e6b6c74af6142512ea6e53d9d93,0.054413543,0,0,0,0,0,0
2a1161c7a6b1ade5778a2bf53a300fd6,0.036275695,0,0,0,0,0,0
deac35bb9d47f67965b800fa6c414dea,0,0,0,0,0,0,0.074862752
c05932b0e9b0bcf5f076c8971c6bab60,0,0,0,0,0,0,1.330893362
e95282c3197d4315d84f31d177642c58,1.777509069,0,4.723538705,0.204729968,0,2.449693788,0.083180835
076b820e5b709e62b933f76ab6c45254,1.414752116,0,4.249605055,0,0,2.362204724,0
337bb53505b6803dee2a7e46850ba79f,0.870616687,0,0.194839389,0,0,5.643044619,0
e20683d4c9a7ebeb0ce7ffd2faf459e7,0,0,0,0.091775503,0,0,0
f8ba6a00faad1caa37ba09c412d78536,0,0.527153372,0,0,0,0,0
da28c80a7a1b2838789eb2ad598db9a0,0.07859734,0,0,0,0,0,0.349359508
d5cecae93845498f6d38b6b144a7e330,0,0,0,0,0,0,0.091498919
477487d12077a9fbaf195faaf466d827,0,0,0,0,0,0,0.207952088
b24d3443426aac9dca3451d65ba14d55,0,0,0,0,0,0,0.30776909
6d866900ddd4436c1634c5209005c604,0,0,0,0,0,0,0.174679754
e0987c7b47c2fb3b4638ebd7a04f69a0,0.07859734,0,0,0,0,0,0
2c4fdd0845cdde26dc7d98f576bb10e7,0,0,0,0,0,0,0.091498919
f74d473a452896a7b572536a5db57453,0,0,0,0,0,0,0.024954251
aa15b94e77f3955a73a15e15187b6482,0,0,0,0,0,0,0.407586092
2f268057d1214383b781ce20ac322b13,0.126964933,0,0.057925224,0,0,0,0
9ed237717a8acfee025acae12af008c7,0.453446191,0,0.18957346,0,0,0,0
8cc30cd689a26a6e2a699449745a088e,0,0,0.263296472,0,0,0,0
0b736ddea36ed16291fa058fe28061f8,0,0,0,0,0,0,2.054566628
cbe80782cb7eff2eb8427fae47b49d1a,0,0,0,0,0,0,0.249542505
d5c6080cec749b68051fe075a9dbe090,0.284159613,0,0.047393365,0,0,0,0
4edddf882f239ced4f5389f1abee9754,0,0,0,0.57183198,0,0,0
bd1731c0114c40d5784dd170ea5f3422,0,0,0,0,0,0,0.116453169
1113dfe518cd0975ae1061ea337c19f1,0.066505441,0,0,0,0,0,0
123c678eddb7c7e2b7393ca738c84596,0.084643289,0,0,0,0,0,0
1753ac2e184548554d5edbd3c9ad971d,0,0,0,0,0,0,0.024954251
6075255b58efbd350ad34112f80f970a,0,0,0,0,0,0,0.973215771
d37b860519128494c0bf27eaa0c63cb4,0.042321644,0,0.031595577,0,0,0,0
a73d6b4ed74fd4af4a3c77ef62e48ec5,0,0,0,0,0,0,0.083180835
8d497a22ffe738eb75d311f4cfa37577,0,0,0.015797788,0,0,0,0
04e715f54c06e9ccf25afba02b343b5c,0,0,0,0,0,0,1.122941274
07e00e1bcc9d9a3c50591f721785e591,0,0,0,0,0,0,2.878056896
1d837cc6d80881adecbb106f01c1b042,0,0,0,0,0,0,0.274496756
40870adeb00d39b72fbca1d2be29ab07,0,0,0,0,0,0,0.16636167
b022522a963a8f8fa28d9d2fc3344e87,0,0,0,0,0,0,0.30776909
b7bc2902499297dc5de20e8748a42d33,0.042321644,0,0.853080569,0,0,0.262467192,0.207952088
a35cb9ab8e98072e9a43f7285279bcde,0,0,0,0,0,0,0.008318084
d5c7884702120bf9f5b989643842b7f4,0,0.07957032,0,0,0,0,0
d844e918aba448c5d57fc6e5b8bf6523,0,0.05967774,0,0,0,0,0
371f00ae446e2e0a412ac4e6dcdacf85,0,0,0.010531859,0,0,0,0.116453169
c97244fcde2f912b5f515df2d4803f23,0,0,0,0,0,0,0.074862752
a2123a75c222ff652dcae6571f8136aa,0.15114873,0,0,0,0,0,0
6e1033c6e6967070ae588a9acaa1bf99,0.187424426,0,0,0.557712672,0,0,0
28b3d93bd6fd022c30510a53d2e497b8,0.181378476,0,0,0,0,0,0
dafc647de2e173b80612451981723f7d,0.102781137,0,0.021063718,0,0,0,0
f20eb21e67f757812108449fe407b3c0,0.126964933,0,0,0,0,0,0
15ae42ad8188a7d9df8e910c521674a9,0.247883918,0,0.073723012,0.091775503,0,0,0
95d0db82a69ee10f3b5ed0f06ba96949,0.145102781,0,0.052659294,0,0,1.312335958,0.191315921
026021832e3bab2b86d0ccfb6c34cac0,0.048367594,0,0,0,0,0,0
ff2a3877c5cf4808816900f51bc130ba,0.102781137,0,0,0,0,0,0.16636167
7c4029c77a50ad0582c758eabe8c1410,0,0,0,0,0,0,0.158043587
300fe288268b05ea9ab54feeaac5ac13,0,0,0.036861506,0,0,0,0
49c907377454c6980ff0a520fe40abe2,0.090689238,0,0,0,0,0,0.158043587
eea1a23b6354f47190568b72cf235aa2,0,0,0,0,0,0,0.14140742
4182c2b89710fb797b2813108857327a,0,0,0,0,0,0,0.16636167
ca8aae833263295a5d0b4d66b8c06fdb,0,0,0,0,0,0,0.091498919
45f57e55f2f3051645343e39b90396ec,0.3808948,0,0.063191153,0,0,0.174978128,0
2d4f702bfdf848fddbfe1e84a30c73b1,0.030229746,0,0,0,0,0,0.16636167
e64aa0d53a0727d6fb6d3fcd8667e49d,0.199516324,0,0.057925224,0,0,0.21872266,0.024954251
0d01943ed06ec0c8998ac39665f5452a,0,0,0,0,0,0,0.124771253
f654394f0d0084baf14a287ec94d12aa,0.060459492,0,0,0,0,0,0
4bcf2ed3c27ef7222d2bf177640edef4,0,0,0,0,0,0,0.14140742
78655baa8fe07fac3df14b89c91be2bb,0,0,0,0,0,0,0.116453169
0b9c934012caa8a6606599ddcb49c15b,0.3808948,0,0.073723012,0,0,0.306211724,0
d9d30d32406d0d1f7d847cdbbdda6137,0.169286578,0,0,0,0,0,0
c980d01916c5fb005e39bed31712dee5,0,0,0,0,0,0,0.149725503
24b5476371dc34ef4f12b359d6ea6fe4,0,0,0,0,0,0,0.091498919
f04ff31f64577aa1ffb8bae8e5bb7028,0,0,0,0,0,0,0.074862752
f8e946bdec673e40686c9ab157a63ac0,0,0,0,0,0,0,0.058226585
c7dd46acb5a820a3c0db61d863812de8,0,1.034414164,0,0,0,0,0
1580d11744da85a8f38720800053143f,0,0.278496121,0,0,0,0,0
999031908a04b1e2fca9b265ee4e0aba,0,0,0,0,0,0,0.14140742
0944c80185fbba7f13e44329a3276e65,0,0,0,0,0,0,0.083180835
7fc016100eca426d7fdf7f8abd29a67c,0,0,0,0,0,0,0.033272334
be3beb705ba2502ce1c0a3ac0b24feb3,0,0,0,0,0,0,0.024954251
b97a30afbabda710a5074ce6860464a9,0,0.03978516,0,0,0,0,0
4350807759a94491b4d029118478cb40,0,0.04973145,0,0,0,0,0
7aaece58fc746f9480457f6056857dfe,0,0,0,0,0,0,0.133089336
1a78865d2083e443fbc5b19b0ea17fc5,0,0,0,0,0,0,0.024954251
5dc7abaaf2ad90f62d784e23e9d558f2,0,0.268549831,0,0,0,0,0
ffb24eab9531da0542b30ff802e34b65,0,0,0,0,0,0,0.207952088
b73b1ef694c71eec29bf86c697f26b20,0.102781137,0,0,0,0,0,0
2941a2790ee4e5b9e95fe2861cb71dcb,0,0,0,0,0,0,0.14140742
3d34df899c737d07c37a5141fecdc373,0,0,0,0,0,0,0.099817002
724641c7b7a65d548899622a4bcd5521,0,0,0,0,0,0,0.108135086
0b2417803a8fdd65b74e5c4b37e2cd1e,0.072551391,0,0,0,0,0,0.074862752
11ec9f654a9c1c5dc45e40f82e7cb970,0.175332527,0,0,0,0,0,0
07bb3ab197992af0b741d1b71fc16c74,0.012091898,0.198925801,0,0,0,0,0.099817002
67ab6a8c32dcb38e12415ef305a06ce6,0,0,0,0,0,0,0.066544668
4dd8875693dae51b754502107ad9d18b,0,0,0,0,0,0,0.016636167
cff8e2e801a0c5c478ebbe42363d2ee7,0,0,0,0,0,0,0.074862752
c4c43c34cccdf1faffcd3c478db50fee,0,0,0,0,0,0,0.108135086
af2ee7747b6b21d7381241d65928ac76,0,0.06962403,0,0,0,0,0
eed56f08d9479cdfa4a4f9120301ee03,0,0,0,0,0,0,0.008318084
5842b861c82007643d496c3860a149f9,0,0,0,0,0,0,0.041590418
9630637c3b25c79c86b5a438580952de,0,0,0,0,0,0,0.008318084
ed583664a71759ab4da92119efb0df87,0,0,0,0,0,0,0.332723341
e7bd1f4dd4c53b791df0120ff747defe,0,0.149194351,0,0,0,0,0
5a28be15a4c979b8be95e202442573ef,0,0.159140641,0,0,0,0,0
fcd8078329db20068bbeac27ee0d9f62,0,0.427690471,0,0,0,0,0
308aa3982d3c398eaae8efce7b0803f2,0,4.893574697,0,0,0,0,0
6ba96f5208b35a9fa58a1e50271ece5c,0,0,0,0,0,0,0.108135086
3ab282a70cea4c1440512ab7820c4cad,0,0,0,0,0,0,0.058226585
a42640f848385634aa76ce36a39e3707,0,0.02983887,0,0,0,0,0
133665f9942b3d081efe500725f373da,0,0.606723692,0,0,0,0,0
21093b9f1c9ab65af23d67e104f6814a,0,0.05967774,0,0,0,0,0
b2df4752917d048ab824271c02ad68aa,0.338573156,0,0,0,0,0,0.041590418
b54fd397c9d4d283ef098b5299345652,0.139056832,0,0,0,0,0,0
c1b3c2e8d18d5b01dee5f9f0356b77e0,0,0.07957032,0,0,0,0,0
309ef9fadf9d172db5a351628ad58102,0,0.179033221,0,0,0,0,0
351fdba7f02fbaff27a231855c689a8a,0.030229746,0.06962403,0,0,0,0,0.14140742
af3ff4624ce258a30f48b7e7a00e9809,0,0,0,0,0,0,0.058226585
18ec5da6c765ede0c426af393f8ce656,0,0,0,0,0,0,0.174679754
286e6b7f2a15a9ef97faca363e6a6800,0,0.11935548,0,0,0,0,0
496ed1835247fa310353bd53160fad4a,0.532043531,0,0.147446024,0,0,0,0.865080685
8d5c57433a03e4329c7e6b3aaf6668a1,0,0,0,0,0,0,0.049908501
0c488eee4c6d02abb4e34df3ec16a09b,0.084643289,0,0,0,0,0,0.083180835
52fb28de37b20bccb60112277a3b7c8b,0,0.10940919,0,0,0,0,0
49e867185a7e6b03013d67462f754232,0,0.06962403,0,0,0,0,0
34bc76cd76ea83cf74430a3bbb56ac82,0,0,0,0,0,0,0.274496756
5195eee30ed1c509d010d20c3909e846,0,0.149194351,0,0,0,0,0
f5e6f6570d4b64e72a67be50cd411508,0,0.169086931,0,0,0,0,0
0c4d686b23bf73000ca0db32eb603f5e,0,0.457529342,0,0,0,0,0
06c4ab89a8abc60620b11d6b8eea8592,0,0.278496121,0,0,0,0,0
9cef27fb5c42d04a7e949300061958c1,0.126964933,0.328227571,0.021063718,0,0,0,0.224588255
9bc997e8ebea77d717faea18a7bf4708,0.054413543,0.368012731,0,0,0,0,0.116453169
600ed2c1ebf877d5dd9bdf309803de9e,0,0,0,0,0,0,0.049908501
bcfc5d3c9a3586094059acfae2f253f4,0,0.149194351,0,0,0,0,0.099817002
e011048bba1722b328cf528176b6cf41,0,0.10940919,0,0,0,0,0
df94cb7c1f51d6e7df4a969d561b0a4d,0.374848851,0.656455142,0.078988942,0,0,0.349956255,1.330893362
22958f01426d8f1fe3f4922e13710669,0.314389359,0.666401432,0.073723012,0,0,0,0.374313758
0138936a169c4a0914606cedbcd38fa6,0.217654172,0.348120151,0,0,0,0,0.432540343
36b46a254875314bef7628b94ef8d7b6,0,0,0,0,0,0,0.066544668
2b574134383a97ed6d824d208c869f5f,0,0.328227571,0,0,0,0,0
6bb602f161cd434e740b0b0694a2fe7e,0,0.12930177,0,0,0,0,0
2da3ff46bfa58a914368731cfd699785,0,0,0,0,0,0,0.232906338
f98fa116a7cd278d487919ce8f3beaa5,0,0,0,0,0,0,0.149725503
ea5eeef4adcd29b79e56e455f9025517,0,0.328227571,0,0,0,0,0.291132923
7acb005545f52cba240718f427adffdc,0.169286578,0,0,0,0,0,0
230f936bbde428b48c67b563c84f874a,0,0.08951661,0,0,0,0,0
5ec4e02584b8c58b33bde92395188ffa,0,0,0,0,0,0,0.432540343
5c42ed518bd27aee21ee4cb65efb0283,0,0,0,0,0,0,0.033272334
5adea97be7d61a174324b19e19ba1dea,0,0.12930177,0,0,0,0,0
9e3e461620d3bc6fb82b614f65a5a69b,0,0,0,0,0,0,0.266178672
10c44552d4c97434c27397cd8246ed24,0,0.07957032,0,0,0,0,0
941c985cd594eddbaa7ba0e614bdf30f,0,0.208872091,0,0,0,0,0.083180835
da5b95ad4280c9fdb897bcfd2ab2880f,0.314389359,0,0,0,0,0,0
b94b3e9177961551c08f311f8515f346,0,0,0.073723012,0,0,0,0
75ae184615957ea74819e0710296a493,0,0.248657251,0,0,0,0,0
07246a1fc2c2fed9e54374f5ee46c333,0,4.525561965,0,0,0,0,0.091498919
32d1077d28b29a3f6b93e1c0cbad6fda,0,0.12930177,0,0,0,0,0
6589433bc08b7cdc5ea1e4928683ed00,2.654171705,0,7.446024223,20.69890575,0,3.455818023,0
7992a92dacb4d741b72a7c0f427fc5be,0,0,0.721432333,0,0,0,0
88dc9b1bf64124875974e6e8ce1bb2e0,0,0,0.073723012,0,0,0,0.066544668
f8ec439cb9f26e97be2793df3c52b03d,0,0,0,0.310624779,0,0,0.257860589
495cc889a2e82868482b1feb2f71fbd0,0.096735187,0.11935548,0.026329647,0,0,0,0.365995675
f4acc40b7b61bf7126ad84af26e93ed9,0,0,0,0,0,0,0.133089336
09304de7bcdde93714df6d4800a79b4d,0.374848851,0.586831112,0,0,0,0,0.623856264
6dfb10e6d92b2c7ec87175ad560bed2e,0,0,0.073723012,0,0,0,1.222758276
f07216e3758674127b729897fc2945ba,0,0,0,0,0,0,0.066544668
acb819d2b09f090ba6c3112028bbc54b,0.054413543,0.487368212,0,0,0,0,0.848444518
d58980847835905eb8bff61496ab72d1,0,0,0,0,0,0,0.083180835
1f1ff56fd37c5c9b1a9ac7b1d99e10b0,0.133010883,0.348120151,0.057925224,0,0,0,0.382631842
65c689dc4b8772012494d43535fd1102,0,0,0,0,0,0,0.099817002
22135ffe56620d7885a227a43322b5cb,0,0,0,0,0,0,0.058226585
fe7d515eee6acf8b010d898180fbd580,0,0.03978516,0,0,0,0,0
817505ccf93a252d80ac6191376cc419,0,0.338173861,0,0,0,0,0
669b72740b8bed1bcedbdbaa4b8be1e7,0.108827086,0,0,0,0,0,0.291132923
b5009fae8706ac30cf5f7eefead78d3e,0,0.08951661,0,0,0,0,0
1b7d9b83e481aeaf938729029a2a4c19,0,0.169086931,0,0,0,0,0
d0ecedb26a438ef8275b4d51fb523972,0,0.05967774,0,0,0,0,0
350b7cdb3a987d171e974ab16f998beb,0,0.05967774,0,0,0,0,0
c5aceb1c0837567d8fd6258bde60c07e,0,0.07957032,0,0,0,0,0
1a64ad1d7d485e3c1ed5980eaa2159bd,0,0.02983887,0,0,0,0,0
2e707ae206fd30644537a8329e2b9476,0,0,0,0,0,0,0.30776909
bab16dfe7bab8f56e30de9733e5a5964,0.048367594,1.014521583,0,0,0,0,0
52b9510cbb34f48661b26bc88b568e98,0,0,0,0,0,0,0.049908501
0b3409f24cff7c6aaaf882bfd4dff493,0,0.318281281,0,0,0,0,0
933438389be903228499f1cd1abecd6e,0,0.994629003,0,0,0,0,0
0b291123c105140e6524bb2a3cf8e278,0,0,0,0,0,0,0.099817002
a50b9465cd3e7850eae2011497a4f41b,0,0.12930177,0,0,0,0,0
a8615f5ca1d297895cc840a75212b907,0,0.547045952,0,0,0,0,0
b3065350a824fd28f7678de276da8e24,0,0.228764671,0,0,0,0,0
38907b8ef0546ef8dd587afd52a16f9c,0,0.188979511,0,0,0,0,0
34f74c82bbd5954315b8ed382098d1c8,0,0.03978516,0,0,0,0,0
179d895b348b0c8ef63d490659897c88,0,0.02983887,0,0,0,0,0
d0edf43c1f49517b1ec9d89bf78ecc72,0,0.13924806,0,0,0,0,0
aac79b65f271a3c817aa2c4d9092385a,0,0.03978516,0,0,0,0,0
a19152d55f42fc72a3a0f985d2615aab,0,0,0,0,0,0,0.274496756
15c0fe41b25c6504b8dbe48ae72283d0,0.114873035,0,0,0,0,0,0
c4e4099ec1bfe887a9442317004d5af8,0,0.03978516,0,0,0,0,0
9e54e8d50785a84f97b38e3eb665dda0,0,0,0,0,0,0,0.14140742
c99dd2353697161faecee673e0eda7b2,0,0,0,0,0,0,0.14140742
ab650124f4caf66dce2eb15ea812aabc,0,0,0,0,0,0,0.024954251
e1d678e0c2f5463421eec27874b0fab3,0,0,0,0,0,0,0.216270171
67c1a8bf0bfc9f12b08dd24696f64393,0,0,0,0,0,0,0.116453169
d70d68ad9dc93090cde7d27dd19cbd6c,0,0.11935548,0,0,0,0,0
acfe0924c0f9c6ca3720854b5b458d54,0.024183797,0,0,0,0,0,0
91b0e901cfecbf218fbaa882071bc0ff,0,0,0,0,0,0,0.083180835
f988ea53dbaa37384a49d4315240db30,0,0,0,0,0,0,0.074862752
1538ea40c64a63b36dd4734f3874696c,0,0.12930177,0,0,0,0,0
dbfbe44b1bfed5e0ad886db078e9efc3,0,0.03978516,0,0,0,0,0
7a40f4cd070ab0fbebfa8749c02f9a24,0,0.08951661,0,0,0,0,0
acd8641e0e61f749c4868b189c4a5bcb,0,0.05967774,0,0,0,0,0
482bb3761a6b11b4cfb4e1b618231157,0,0,0,0,0,0,0.274496756
efde527a9af4cac96884dbd692f6e11c,0.048367594,0,0,0,0,0,0
c3f475427911c04c575aa82da42978ce,0,0.08951661,0,0,0,0,0
22b437d42a93adf1a1f4912a2f2bc487,0,0.547045952,0,0,0,0,0
dfb51cae292f5c925838e01ad8633801,0,0.248657251,0,0,0,0,0
8a9c97139a7d864eda93a0dc3e73ecb9,0,0.467475632,0,0,0,0,0
a6efdb52a04e05a2a1be52f5516784fa,0.036275695,0.566938532,0,0,0,0,0.390949925
cd05a4b1cda569ae366c6980823f4c72,0.399032648,0,0.131648236,0.430638899,0,0,2.736649476
baa4a4f4c8d40a784e35ff0313bf0ccb,0.731559855,0,0,0,0,0,0
08ea1c9b9d368cd6d9bfeb8857e90315,1.203143894,0,1.448130595,0,0,0,0.840126435
1da23dee00520d2c9e0e21bac4a70bca,0.677146312,0,0.810953133,0,0,0,0.548993512
6e01e4385cee37baa2cba8e4af01c030,0,0.149194351,0,0,0,0,0.083180835
34fa052ba379ce4b7382a32d0a8a20d9,0,0.07957032,0,0,0,0,0.091498919
492422c8881f2e782fccb0225f1c68ab,0,0,0,0,0,0,1.114623191
82680afcead9dae8b852ada671d270eb,0.126964933,0,0,0,0,0,0
1373be75f9d0d02955903df6b67d0a9e,0,0,0,0.03529827,0,0,0
9a476e21b000755d97c11d899a4ecfac,0,0.03978516,0,0,0,0,0
8466f2635d9fbf9c51a04877474f3d09,0.320435308,0,0,0,0,0,0
353069fb5e4736dc8211b3258b69484a,0.665054414,0,0.036861506,0,0,0,0
3b04ef795d02d4d5ddc42f2c2598e1d7,0,0,0,0,0,0,0.124771253
026600da36b900cf6ff6ee481b90793a,0,0.05967774,0,0,0,0,0
edb731a5013cc4bcaf0ce56fbd850e20,0,0.179033221,0,0,0,0,0
1b2f4342857d36d36a40ca1bdeb10c3c,0,0.0994629,0,0,0,0,0
0528c8d6cf081ba719cf96cb550150fb,0,0.218818381,0,0,0,0,0
e6141036b0768b50c8079ce8ba7222f9,0,0,0,0,0,0,0.049908501
daa77caa8a4b4634298825b012419e0b,0,0,0.063191153,0,0,0,0
e8c1e783e60161fe039cc419a3717b1f,0.036275695,0,0.042127435,0,0,0,0.207952088
ac164649e33237f799c1ffee4f344d5d,0,0,0,0.021178962,0,0,0
535887d75db6f21831a65b42a9d5752f,0.163240629,0.407797891,0.042127435,0,0,0,0.083180835
92392a51132c9a52e6656c5819c880c1,0,0.278496121,0,0,0,0,0
d22fdbfe90bbc24d483ffecb1fcd6304,0,0,0,0,57.14285714,0,0
d73a01cf4394c6ce1b6f91249a590671,0,0,0,0,0,0,0.024954251
3487ee381e9bba57861b67ac3936d665,1.318016929,0,0.105318589,2.499117543,0,0,1.081350857
a7e2aab7ed38fa80afb1e71ea103a92b,0.102781137,0,0,0.070596541,0,0,0
aac8af08de9af6f82484017f2ba9bf0e,0,0,0,0,0,0,0.024954251
dcc552ee0bfe584a9f79fd3d7893047f,0,0,0,0,0,0,1.430710364
2f5695c1563063d2b821ab2eecfa3bd3,0,0,0,0,0,0,1.006488105
3d34374d81a96ce4972b93ef5dae9b82,0,0,0,0,0,0,0.607220096
baeb737cd91a3f753ae80b8a17726cbf,0,0,0,0.232968585,0,0,0
3dd54183eecfa8bb215520814056e4b0,0,0,0,17.00670667,0,0,0
1240eb67c8c5004296a23b80d1a10296,0.15719468,0,0.042127435,16.35015884,0,0,0
1b976cc787b3465ddcc891c15c968a9b,0.175332527,0,0,19.92234381,0,0,0
ae72db992b92b97750fc6662153b5369,0,0,0,2.823861631,0,0,0
016c815a4508d59f5cd00df84f95fa5d,0,0,0,15.18531592,0,0,0
2b62bf55e8226888eabfb4f4da82a02f,0,0,0,0,0,0,0.049908501
a5ad9574a1f8aea06b6dfaff6eddfff7,0.580411125,0,60.99526066,0,0,1.968503937,0.049908501
9eaf3126b1a59d53885da5e5b61ab98f,0,0.05967774,0,0,0,0,0
bcac80523974ad67a82b1296166a1958,0,0.01989258,0,0,0,0,0
6a17f96a0732dc8ebec39a0b3da54e9c,0,0,0,0,0,0,0.033272334
387e55351173005dafa6c6bde69de4b3,0,0.05967774,0,0,0,0,0
848451a3853d056f1b0b123b39ebf894,0.108827086,0.218818381,0,0,0,0,0
e94618b44f9856c9a2151cab1800a460,0,0,0,0,0,0,0.14140742
b87169030deed04dc4b504c53964ffbe,0,0.06962403,0,0,0,0,0
296d6ec16e429c508b1051c514c88995,0,0,0,0,0,0,0.033272334
197c1736a92b42d2671a7ea927a9d7d8,0,0,0,0,0,0,0.158043587
87e2bfb52174f1764d735f93e86017d3,0,0,0.068457083,0,0,0,0.182997837
837fac58184ea8859178d48a58ba68df,0.126964933,0,0,0,0,0,0
28b17f4cc0902ec3769d42d0a80b77a9,0.036275695,0.08951661,0,0,0,0,0
89ef0821da329dc594150d0643cf84ff,0,0,0,0,0,0,0.074862752
1b928ac12dc87878c3c36113baa33d56,0,0,0.031595577,0,0,0,0.074862752
48ca5b4f7cb58d4a146837de341a2604,0.314389359,0.387905311,0.073723012,0,0,0,0.274496756
290918c109d36a2118db85628b969b60,0,0.05967774,0,0,0,0,0
2f0fb7a3fc1c8cb3d0c41d5e04f118c8,0.066505441,0,0,0,0,0,0
b7ae634ecd3e2b7ecd79ec0f6811f503,0,0,0,0,0,0,0.066544668
26ef86afa44dbbdebbae8f35e590f52e,0.054413543,0,0.042127435,0,0,0,0.224588255
dc904fe6b4e0157d1122fd930c699393,0,0.13924806,0,0,0,0,0
66e1d2186af688e37756c563682ca53c,0.054413543,0,0,0,0,0,0.049908501
fd66678cf39f676cb57820da4a793b6f,0,0.248657251,0,0,0,0,0
a67c7071b283c3513d9aa4cf63879d6e,0,0,0,0,0,0,0.133089336
efd35b49c84cc81b0eee2d6d3a3afdd6,0,0.04973145,0,0,0,0,0
45338bb6feec3aca942618bba0a40ca5,0,0.03978516,0,0,0,0,0
164212c0910ca9770a6bd13bcb2c5d05,0,0,0,0,0,0,0.133089336
0afdd7eddb9a71ce53cf6487747ec98c,0,0.0994629,0,0,0,0,0
6915ea7e3a7dfc29a63172976f4e8ad7,0,0.05967774,0,0,0,0,0
50285c59a58cda2d889cb954c022a93a,0,0,0,0,0,0,0.299451006
9f320ec9d312f6f94fd8e600383871e2,0,0.02983887,0,0,0,0,0
4b477a87af5d6bb1e6ed1996166eb737,0,0,0,0,0,0,0.124771253
d5004573c96ec6eedcc4348d1145db37,0,0.10940919,0,0,0,0,0
21154dbe9d1fd27c98e5ee78bb11560c,0,0.03978516,0,0,0,0,0
bc15f0e20879b79188fa5ea9e191428c,0.302297461,0.576884822,0.110584518,0,0,0,0.332723341
36e38981bc99d5d7fdd5959ca41f6313,0,0,0,0,0,0,0.074862752
344b8fcfc08a17bb7443c1ad11ea3151,0,0.348120151,0,0,0,0,0
c9b31faab55540402c5dd215346884f3,0,0,0,0,0,0,0.174679754
6b68ebbc9e9e8d26fa7018cf163d4848,0,0.04973145,0,0,0,0,0.049908501
3a2b84cb36acad1919fcb5115f0b9e31,0,0.03978516,0,0,0,0,0.024954251
7ad290ae94d2ece8c7e76f06f4c89d34,0,0,0,0,0,0,0.024954251
52708c2cfa926ba9b2f69878c97cee2c,0.084643289,0,0,0,0,0,1.788387955
b2ff885cfa369aebbe03c92cfd165310,0,0,0.052659294,0,0,0,0
3e0febfb4a6a1915ac7dbadd489360be,0.024183797,0,0,0,0,0,0
343a27b1061e61e847b0727632965912,0,0,0,0,0,0,0.124771253
cc17319408547305365e46eae1cb5f71,0,0,0,0,0,0,0.049908501
d96a2ea1b09f080f66ce79b9ddfa768e,0.133010883,0,0,0,0,0,0.598902013
564dff3148781f436e49ebbfb2590a6a,0,0,0,0,0,0,0.083180835
2bddc2b3135c58873be21f4d125d6182,0.090689238,0,0,0,0,0,0
28b5f35cfb5f0516e5e5f896428abdcd,0.120918984,0,0.115850448,0,0,0,0.374313758
ab2050607cb3fe172ea918d5a17a46c7,0,0,0,0,0,0,0.507403094
cae94f2147a0220ca1e5a6148f569f82,0,0,0,0,0,0,0.124771253
fc91b1d6efa2d63ad830349556a06220,0.072551391,0.08951661,0.021063718,0,0,0,0
1db7fb888012089960006f42143c48af,0,0,0,0,0,0,0.058226585
8b42e63e1fe8e14326fe559f8a2cce81,0,0.12930177,0,0,0,0,0
c99bcc4ed3b2887c914e9faf48d63e3f,0.102781137,0.07957032,0,0,0,0,0.149725503
caafd6d1ef718ac1a2b7473f47d9340b,0.102781137,0.159140641,0,0,0,0,0.091498919
5168bf777455dc70f1c34ec41bad296e,0,0,0,0,0,0,0.099817002
f7cd883911df8e8913db36706662c1a3,0,0.03978516,0,0,0,0,0
405648482a348320fe4470fddebb64c6,0,0,0,0,0,0,0.241224422
fb9d8df11e01ae4c33acac6db5a518b8,0.090689238,0.179033221,0,0,0,0,0.058226585
a5a1519fb2b6c41d9cbc7937a35a9e32,0,0.198925801,0,0,0,0,0
55c33f40750949b6f6bb1a041377c8ea,0,0.159140641,0,0,0,0,0
ed541c87d5df87ae71fac96b59bc34aa,0,0.11935548,0,0,0,0,0
913e8b6ddca7947f95db836301d8e9cd,0,0.208872091,0,0,0,0,0.133089336
29b313a5262947210e3e9de415abaead,0.036275695,0,0,0,0,0,0
06894625cc4725640c9c1bba0d9aefc8,0,0.08951661,0,0,0,0,0
ec3fc3f61c2e9c1a7f32bc622801ac2c,0,0,0,0,0,0,0.041590418
5d022d2abb20ba3874d08d23862090fd,0,0.05967774,0,0,0,0,0
3d20b16bfe9d7734e33948f1f8eacf77,0,0.10940919,0,0,0,0,0
a0ecf69202e62fe969206ad4b1445b61,0,0,0,0,0,0,0.024954251
7d685545a7ef47872164603971e5e80d,0,0.10940919,0,0,0,0,0
4cec2826da45c90930f69ae290165f1d,0,0.775810623,0,0,0,0,0
33bd910369d558fc1d433d0cc22aabdc,0,0.616669982,0,0,0,0,0
bb617d32673d5f60d6216a07ad7a42bc,0,0,0,0,0,0,0.191315921
e1382120e151d51cb3b3b6900845f1c8,0,0,0,0,0,0,1.547163534
4ced6b735a53af484d0cf4f620846dcd,0.024183797,0,0,0,0,0,0.78189985
211c2bf941e5c4e05078cf20a194b0be,0,0.566938532,0,0,0,0,0
5895fd43df41dc8e5f636e79ffdcfa94,0,0.03978516,0,0,0,0,0
c86ca8792c7be96d7699dead5edccd91,0,0.477421922,0,0,0,0,0
a6e69a1d97c797ccefc9a46e1e9d59b9,0,0.04973145,0,0,0,0,0
966a27b7648de7ac63f5c15a8be0d10a,0,0,0,0,0,0,0.049908501
2b33fe69214c39198384dc9686326117,0,0,0,0,0,0,0.033272334
1fec65b4367588a38fc1fcf85a693336,0,0.07957032,0,0,0,0,0
31c50a4d3207815f673d3edebf772af3,0,0,0,0,0,0,0.016636167
9e81dcd765edee468ffb26d86b810795,0.048367594,0.179033221,0,0,0,0,0
59c5995d732f22fe559c04802246529b,0.120918984,0.457529342,0,0,0,0,0
2712088c692ac09b8656f6b6d660a866,0,0.03978516,0,0,0,0,0
5db694edf839eff28cb6a47bb5b50693,0.296251511,0.447583052,0.036861506,0,0,0,0.158043587
a36b617c346af9dc1b8b18938adc2fc9,0,0.04973145,0,0,0,0,0
410e95b05efd63867444aa0a2458b97c,0,0.03978516,0,0,0,0,0
7b38bded14744e6cd6bceb54464983f4,0,0.169086931,0,0,0,0,0
3797250ec58998dfcb3eb43ad12fff82,0,0.01989258,0,0,0,0,0
8414a5712bde54805a0b3e12e1684607,0,0.02983887,0,0,0,0,0
d4bbada602eb08d4609fe2fca3160d40,0,0.06962403,0,0,0,0,0
0c0dcadbd501e2c17ca71995ed0b7ee1,0,0,0,0,0,0,0.108135086
d57543b38df2129448b58807cb5965d0,0,0,0,0,0,0,0.041590418
808f5cd9975425a879bdc9f2084edbe5,0,0.02983887,0,0,0,0,0
fc6ec62c32ebdbdcb0e50a48f05c4545,0,0.07957032,0,0,0,0,0
c259cda388580d886e6cbb43a1272e68,0,0.208872091,0,0,0,0,0
699a503fd68b2f5483101066d6895dcd,0,0.08951661,0,0,0,0,0
07ab589574a5adeae211c91efb58a71f,0,0,0,0,0,0,0.033272334
1b466e68d3565173e45948bb92dc4bc1,0,0.03978516,0,0,0,0,0
9911474e3c7b9e7a8a86278be3741e31,0,0.06962403,0,0,0,0,0
d32b216fc90bc092634d87dbc9e8baab,0.030229746,0.527153372,0,0,0,0,0
58110345812f524d9a669d08b86d638e,0,0.03978516,0,0,0,0,0
e27e3671c48f3fc26fc25bfb66487cbc,0,0.01989258,0,0,0,0,0
a77c9d2b8200bef0d694237279a593f8,0,0.04973145,0,0,0,0,0
22fa460af93a84061844f0660d43797e,0,0.586831112,0,0,0,0,0
5f76a3b05585da3a513858cce5fa4aad,0,0.308334991,0,0,0,0,0
